{"cameraMode":{"drawMode":0,"name":"Shaded","section":"Shading Mode"},"sceneLighting":false,"audioPlay":false,"sceneViewState":{"m_AlwaysRefresh":false,"showFog":true,"showSkybox":false,"showFlares":true,"showImageEffects":true,"showParticleSystems":true,"showVisualEffectGraphs":true,"m_FxEnabled":true},"in2DMode":false,"pivot":{"x":0.19499993324279786,"y":0.562999963760376,"z":1.3390727043151856},"rotation":{"x":-0.16733543574810029,"y":0.6801998019218445,"z":-0.16386426985263825,"w":-0.6946243643760681},"size":1.7369701862335206,"orthographic":false}