{"cameraMode":{"drawMode":0,"name":"Shaded","section":"Shading Mode"},"sceneLighting":false,"audioPlay":false,"sceneViewState":{"m_AlwaysRefresh":false,"showFog":true,"showSkybox":false,"showFlares":true,"showImageEffects":true,"showParticleSystems":true,"showVisualEffectGraphs":true,"m_FxEnabled":true},"in2DMode":false,"pivot":{"x":1.7400000095367432,"y":0.6650000214576721,"z":17.014999389648439},"rotation":{"x":-0.1453382670879364,"y":-0.08506784588098526,"z":0.012542687356472016,"w":-0.9856520891189575},"size":1.3858753442764283,"orthographic":false}